Dend_L,Dend_Ra,Dend_cm,Dend_diam,Dend_nseg,Soma_L,Soma_Ra,Soma_cm,Soma_diam,Soma_ek,Soma_el_napp,Soma_ena,Soma_gkfbar_napp,Soma_gksbar_napp,Soma_gl_napp,Soma_gnabar_napp,Soma_gnapbar_napp,Soma_mact_napp,Soma_nseg,Soma_rinact_napp,Soma_vtraub_napp,Type
5500.0,70.0,1.0,48.5,1,77.5,70.0,1.0,77.5,-10.0,0.0,120.0,0.0028,0.018,0.0009009009009009009,0.032499999999999994,0.00052,10.1,1,0.019,0.0,S
5521.666666666667,70.0,1.0,48.61666666666667,1,77.58333333333333,70.0,1.0,77.58333333333333,-10.0,0.0,120.0,0.00281,0.018158333333333332,0.0009011739011739011,0.033083333333333326,0.0005223333333333333,10.196666666666665,1,0.0192,0.0,S
5543.333333333333,70.0,1.0,48.733333333333334,1,77.66666666666667,70.0,1.0,77.66666666666667,-10.0,0.0,120.0,0.00282,0.018316666666666665,0.0009014469014469015,0.033666666666666664,0.0005246666666666667,10.293333333333333,1,0.0194,0.0,S
5565.0,70.0,1.0,48.85,1,77.75,70.0,1.0,77.75,-10.0,0.0,120.0,0.00283,0.018475,0.0009017199017199017,0.034249999999999996,0.0005269999999999999,10.39,1,0.0196,0.0,S
5586.666666666667,70.0,1.0,48.96666666666667,1,77.83333333333333,70.0,1.0,77.83333333333333,-10.0,0.0,120.0,0.00284,0.01863333333333333,0.000901992901992902,0.03483333333333333,0.0005293333333333333,10.486666666666666,1,0.019799999999999998,0.0,S
5608.333333333333,70.0,1.0,49.083333333333336,1,77.91666666666667,70.0,1.0,77.91666666666667,-10.0,0.0,120.0,0.00285,0.018791666666666665,0.0009022659022659023,0.03541666666666666,0.0005316666666666666,10.583333333333332,1,0.02,0.0,S
5630.0,70.0,1.0,49.2,1,78.0,70.0,1.0,78.0,-10.0,0.0,120.0,0.00286,0.018949999999999998,0.0009025389025389026,0.036,0.000534,10.68,1,0.0202,0.0,S
5651.666666666667,70.0,1.0,49.31666666666667,1,78.08333333333333,70.0,1.0,78.08333333333333,-10.0,0.0,120.0,0.00287,0.01910833333333333,0.0009028119028119028,0.03658333333333333,0.0005363333333333333,10.776666666666667,1,0.0204,0.0,S
5673.333333333333,70.0,1.0,49.43333333333333,1,78.16666666666667,70.0,1.0,78.16666666666667,-10.0,0.0,120.0,0.00288,0.019266666666666665,0.000903084903084903,0.03716666666666666,0.0005386666666666667,10.873333333333333,1,0.0206,0.0,S
5695.0,70.0,1.0,49.55,1,78.25,70.0,1.0,78.25,-10.0,0.0,120.0,0.00289,0.019424999999999998,0.0009033579033579034,0.03774999999999999,0.0005409999999999999,10.969999999999999,1,0.0208,0.0,S
5716.666666666667,70.0,1.0,49.666666666666664,1,78.33333333333333,70.0,1.0,78.33333333333333,-10.0,0.0,120.0,0.0029,0.01958333333333333,0.0009036309036309036,0.03833333333333333,0.0005433333333333333,11.066666666666666,1,0.021,0.0,S
5738.333333333333,70.0,1.0,49.78333333333333,1,78.41666666666667,70.0,1.0,78.41666666666667,-10.0,0.0,120.0,0.00291,0.019741666666666664,0.0009039039039039039,0.03891666666666666,0.0005456666666666666,11.163333333333334,1,0.0212,0.0,S
5760.0,70.0,1.0,49.9,1,78.5,70.0,1.0,78.5,-10.0,0.0,120.0,0.00292,0.019899999999999998,0.0009041769041769042,0.03949999999999999,0.000548,11.26,1,0.0214,0.0,S
5781.666666666667,70.0,1.0,50.016666666666666,1,78.58333333333333,70.0,1.0,78.58333333333333,-10.0,0.0,120.0,0.00293,0.02005833333333333,0.0009044499044499045,0.04008333333333333,0.0005503333333333333,11.356666666666666,1,0.0216,0.0,S
5803.333333333333,70.0,1.0,50.13333333333333,1,78.66666666666667,70.0,1.0,78.66666666666667,-10.0,0.0,120.0,0.00294,0.020216666666666664,0.0009047229047229047,0.04066666666666666,0.0005526666666666666,11.453333333333333,1,0.0218,0.0,S
5825.0,70.0,1.0,50.25,1,78.75,70.0,1.0,78.75,-10.0,0.0,120.0,0.00295,0.020374999999999997,0.0009049959049959051,0.041249999999999995,0.0005549999999999999,11.55,1,0.022,0.0,S
5846.666666666667,70.0,1.0,50.36666666666667,1,78.83333333333333,70.0,1.0,78.83333333333333,-10.0,0.0,120.0,0.00296,0.02053333333333333,0.0009052689052689053,0.041833333333333333,0.0005573333333333333,11.646666666666667,1,0.0222,0.0,S
5868.333333333333,70.0,1.0,50.483333333333334,1,78.91666666666667,70.0,1.0,78.91666666666667,-10.0,0.0,120.0,0.00297,0.020691666666666664,0.0009055419055419055,0.042416666666666665,0.0005596666666666666,11.743333333333332,1,0.0224,0.0,S
5890.0,70.0,1.0,50.6,1,79.0,70.0,1.0,79.0,-10.0,0.0,120.0,0.00298,0.020849999999999997,0.0009058149058149058,0.043,0.000562,11.84,1,0.022600000000000002,0.0,S
5911.666666666667,70.0,1.0,50.71666666666667,1,79.08333333333333,70.0,1.0,79.08333333333333,-10.0,0.0,120.0,0.00299,0.02100833333333333,0.0009060879060879061,0.04358333333333333,0.0005643333333333334,11.936666666666667,1,0.0228,0.0,S
5933.333333333333,70.0,1.0,50.833333333333336,1,79.16666666666667,70.0,1.0,79.16666666666667,-10.0,0.0,120.0,0.003,0.021166666666666663,0.0009063609063609064,0.04416666666666666,0.0005666666666666666,12.033333333333333,1,0.023,0.0,S
5955.0,70.0,1.0,50.95,1,79.25,70.0,1.0,79.25,-10.0,0.0,120.0,0.00301,0.021324999999999997,0.0009066339066339066,0.04475,0.000569,12.129999999999999,1,0.023200000000000002,0.0,S
5976.666666666667,70.0,1.0,51.06666666666667,1,79.33333333333333,70.0,1.0,79.33333333333333,-10.0,0.0,120.0,0.00302,0.02148333333333333,0.000906906906906907,0.04533333333333333,0.0005713333333333333,12.226666666666667,1,0.0234,0.0,S
5998.333333333333,70.0,1.0,51.18333333333334,1,79.41666666666667,70.0,1.0,79.41666666666667,-10.0,0.0,120.0,0.00303,0.021641666666666663,0.0009071799071799072,0.04591666666666666,0.0005736666666666667,12.323333333333334,1,0.023600000000000003,0.0,S
6020.0,70.0,1.0,51.3,1,79.5,70.0,1.0,79.5,-10.0,0.0,120.0,0.00304,0.021799999999999996,0.0009074529074529074,0.0465,0.000576,12.42,1,0.0238,0.0,S
6041.666666666667,70.0,1.0,51.416666666666664,1,79.58333333333333,70.0,1.0,79.58333333333333,-10.0,0.0,120.0,0.00305,0.02195833333333333,0.0009077259077259077,0.04708333333333333,0.0005783333333333333,12.516666666666666,1,0.024,0.0,S
6063.333333333333,70.0,1.0,51.53333333333333,1,79.66666666666667,70.0,1.0,79.66666666666667,-10.0,0.0,120.0,0.0030600000000000002,0.022116666666666666,0.000907998907998908,0.04766666666666666,0.0005806666666666666,12.613333333333333,1,0.0242,0.0,S
6085.0,70.0,1.0,51.65,1,79.75,70.0,1.0,79.75,-10.0,0.0,120.0,0.0030700000000000002,0.022274999999999996,0.0009082719082719083,0.04825,0.000583,12.71,1,0.0244,0.0,S
6106.666666666667,70.0,1.0,51.766666666666666,1,79.83333333333333,70.0,1.0,79.83333333333333,-10.0,0.0,120.0,0.0030800000000000003,0.022433333333333333,0.0009085449085449085,0.04883333333333333,0.0005853333333333333,12.806666666666667,1,0.0246,0.0,S
6128.333333333333,70.0,1.0,51.88333333333333,1,79.91666666666667,70.0,1.0,79.91666666666667,-10.0,0.0,120.0,0.00309,0.022591666666666663,0.0009088179088179089,0.049416666666666664,0.0005876666666666667,12.903333333333332,1,0.024800000000000003,0.0,S
6150.0,70.0,1.0,52.0,1,80.0,70.0,1.0,80.0,-10.0,0.0,120.0,0.0031000000000000003,0.02275,0.0009090909090909091,0.05,0.00059,13.0,1,0.025,0.0,S
6171.666666666667,70.0,1.0,52.45,1,80.08333333333333,70.0,1.0,80.08333333333333,-10.0,0.0,120.0,0.00311,0.02290833333333333,0.0009106060606060606,0.05058333333333333,0.0005923333333333333,13.096666666666668,1,0.026033333333333335,0.0,S
6193.333333333333,70.0,1.0,52.9,1,80.16666666666667,70.0,1.0,80.16666666666667,-10.0,0.0,120.0,0.00312,0.023066666666666666,0.0009121212121212121,0.051166666666666666,0.0005946666666666666,13.193333333333333,1,0.02706666666666667,0.0,S
6215.0,70.0,1.0,53.35,1,80.25,70.0,1.0,80.25,-10.0,0.0,120.0,0.00313,0.023224999999999996,0.0009136363636363636,0.051750000000000004,0.000597,13.29,1,0.028100000000000003,0.0,S
6236.666666666667,70.0,1.0,53.8,1,80.33333333333333,70.0,1.0,80.33333333333333,-10.0,0.0,120.0,0.00314,0.023383333333333332,0.0009151515151515152,0.05233333333333333,0.0005993333333333333,13.386666666666667,1,0.029133333333333337,0.0,S
6258.333333333333,70.0,1.0,54.25,1,80.41666666666667,70.0,1.0,80.41666666666667,-10.0,0.0,120.0,0.00315,0.023541666666666662,0.0009166666666666666,0.05291666666666667,0.0006016666666666667,13.483333333333334,1,0.030166666666666668,0.0,S
6280.0,70.0,1.0,54.7,1,80.5,70.0,1.0,80.5,-10.0,0.0,120.0,0.00316,0.0237,0.0009181818181818182,0.0535,0.0006039999999999999,13.58,1,0.031200000000000002,0.0,S
6301.666666666667,70.0,1.0,55.15,1,80.58333333333333,70.0,1.0,80.58333333333333,-10.0,0.0,120.0,0.00317,0.02385833333333333,0.0009196969696969697,0.05408333333333333,0.0006063333333333333,13.676666666666666,1,0.032233333333333336,0.0,S
6323.333333333333,70.0,1.0,55.6,1,80.66666666666667,70.0,1.0,80.66666666666667,-10.0,0.0,120.0,0.00318,0.024016666666666665,0.0009212121212121212,0.05466666666666667,0.0006086666666666666,13.773333333333333,1,0.03326666666666667,0.0,S
6345.0,70.0,1.0,56.05,1,80.75,70.0,1.0,80.75,-10.0,0.0,120.0,0.00319,0.024174999999999995,0.0009227272727272728,0.05525,0.000611,13.870000000000001,1,0.034300000000000004,0.0,S
6366.666666666667,70.0,1.0,56.5,1,80.83333333333333,70.0,1.0,80.83333333333333,-10.0,0.0,120.0,0.0032,0.024333333333333332,0.0009242424242424242,0.05583333333333333,0.0006133333333333334,13.966666666666667,1,0.03533333333333334,0.0,S
6388.333333333333,70.0,1.0,56.95,1,80.91666666666667,70.0,1.0,80.91666666666667,-10.0,0.0,120.0,0.00321,0.024491666666666665,0.0009257575757575758,0.05641666666666667,0.0006156666666666667,14.063333333333333,1,0.03636666666666667,0.0,S
6410.0,70.0,1.0,57.4,1,81.0,70.0,1.0,81.0,-10.0,0.0,120.0,0.00322,0.02465,0.0009272727272727273,0.057,0.000618,14.16,1,0.0374,0.0,S
6431.666666666667,70.0,1.0,57.85,1,81.08333333333333,70.0,1.0,81.08333333333333,-10.0,0.0,120.0,0.0032300000000000002,0.02480833333333333,0.0009287878787878788,0.057583333333333334,0.0006203333333333333,14.256666666666668,1,0.03843333333333334,0.0,S
6453.333333333333,70.0,1.0,58.3,1,81.16666666666667,70.0,1.0,81.16666666666667,-10.0,0.0,120.0,0.0032400000000000003,0.024966666666666665,0.0009303030303030303,0.05816666666666667,0.0006226666666666667,14.353333333333333,1,0.03946666666666667,0.0,S
6475.0,70.0,1.0,58.75,1,81.25,70.0,1.0,81.25,-10.0,0.0,120.0,0.0032500000000000003,0.025124999999999998,0.0009318181818181819,0.05875,0.000625,14.45,1,0.04050000000000001,0.0,S
6496.666666666667,70.0,1.0,59.2,1,81.33333333333333,70.0,1.0,81.33333333333333,-10.0,0.0,120.0,0.0032600000000000003,0.02528333333333333,0.0009333333333333333,0.059333333333333335,0.0006273333333333333,14.546666666666667,1,0.04153333333333334,0.0,S
6518.333333333333,70.0,1.0,59.65,1,81.41666666666667,70.0,1.0,81.41666666666667,-10.0,0.0,120.0,0.0032700000000000003,0.025441666666666665,0.0009348484848484849,0.05991666666666667,0.0006296666666666666,14.643333333333334,1,0.04256666666666667,0.0,S
6540.0,70.0,1.0,60.1,1,81.5,70.0,1.0,81.5,-10.0,0.0,120.0,0.00328,0.025599999999999998,0.0009363636363636363,0.0605,0.000632,14.74,1,0.04360000000000001,0.0,S
6561.666666666667,70.0,1.0,60.55,1,81.58333333333333,70.0,1.0,81.58333333333333,-10.0,0.0,120.0,0.0032900000000000004,0.02575833333333333,0.0009378787878787879,0.06108333333333334,0.0006343333333333333,14.836666666666666,1,0.044633333333333344,0.0,S
6583.333333333334,70.0,1.0,61.0,1,81.66666666666667,70.0,1.0,81.66666666666667,-10.0,0.0,120.0,0.0033,0.025916666666666664,0.0009393939393939394,0.06166666666666667,0.0006366666666666667,14.933333333333334,1,0.045666666666666675,0.0,S
6605.0,70.0,1.0,61.45,1,81.75,70.0,1.0,81.75,-10.0,0.0,120.0,0.0033100000000000004,0.026074999999999997,0.0009409090909090909,0.06225,0.000639,15.030000000000001,1,0.046700000000000005,0.0,S
6626.666666666667,70.0,1.0,61.9,1,81.83333333333333,70.0,1.0,81.83333333333333,-10.0,0.0,120.0,0.00332,0.02623333333333333,0.0009424242424242424,0.06283333333333334,0.0006413333333333334,15.126666666666667,1,0.047733333333333336,0.0,S
6648.333333333334,70.0,1.0,62.35,1,81.91666666666667,70.0,1.0,81.91666666666667,-10.0,0.0,120.0,0.00333,0.026391666666666664,0.000943939393939394,0.06341666666666668,0.0006436666666666666,15.223333333333333,1,0.04876666666666667,0.0,S
6670.0,70.0,1.0,62.8,1,82.0,70.0,1.0,82.0,-10.0,0.0,120.0,0.00334,0.026549999999999997,0.0009454545454545454,0.064,0.000646,15.32,1,0.04980000000000001,0.0,S
6691.666666666667,70.0,1.0,63.25,1,82.08333333333333,70.0,1.0,82.08333333333333,-10.0,0.0,120.0,0.00335,0.02670833333333333,0.000946969696969697,0.06458333333333333,0.0006483333333333333,15.416666666666668,1,0.05083333333333334,0.0,S
6713.333333333334,70.0,1.0,63.7,1,82.16666666666667,70.0,1.0,82.16666666666667,-10.0,0.0,120.0,0.00336,0.026866666666666664,0.0009484848484848484,0.06516666666666668,0.0006506666666666667,15.513333333333334,1,0.05186666666666667,0.0,S
6735.0,70.0,1.0,64.15,1,82.25,70.0,1.0,82.25,-10.0,0.0,120.0,0.00337,0.027024999999999997,0.00095,0.06575,0.0006529999999999999,15.61,1,0.05290000000000001,0.0,S
6756.666666666667,70.0,1.0,64.6,1,82.33333333333333,70.0,1.0,82.33333333333333,-10.0,0.0,120.0,0.00338,0.02718333333333333,0.0009515151515151516,0.06633333333333333,0.0006553333333333333,15.706666666666667,1,0.05393333333333334,0.0,S
6778.333333333334,70.0,1.0,65.05,1,82.41666666666667,70.0,1.0,82.41666666666667,-10.0,0.0,120.0,0.0033900000000000002,0.027341666666666663,0.000953030303030303,0.06691666666666668,0.0006576666666666666,15.803333333333335,1,0.05496666666666668,0.0,S
6800.0,70.0,1.0,65.5,1,82.5,70.0,1.0,82.5,-10.0,0.0,120.0,0.0034000000000000002,0.027499999999999997,0.0009545454545454546,0.0675,0.00066,15.9,1,0.05600000000000001,0.0,FR
6843.333333333333,70.0,1.0,66.0,1,82.66666666666667,70.0,1.0,82.66666666666667,-10.0,0.0,120.0,0.0034400000000000003,0.02753333333333333,0.0009575757575757576,0.06766666666666667,0.0006693333333333333,15.973333333333334,1,0.05613333333333334,0.0,FR
6886.666666666667,70.0,1.0,66.5,1,82.83333333333333,70.0,1.0,82.83333333333333,-10.0,0.0,120.0,0.00348,0.027566666666666663,0.0009606060606060607,0.06783333333333334,0.0006786666666666667,16.046666666666667,1,0.05626666666666667,0.0,FR
6930.0,70.0,1.0,67.0,1,83.0,70.0,1.0,83.0,-10.0,0.0,120.0,0.00352,0.027599999999999996,0.0009636363636363637,0.068,0.000688,16.12,1,0.056400000000000006,0.0,FR
6973.333333333333,70.0,1.0,67.5,1,83.16666666666667,70.0,1.0,83.16666666666667,-10.0,0.0,120.0,0.0035600000000000002,0.027633333333333333,0.0009666666666666667,0.06816666666666667,0.0006973333333333333,16.193333333333335,1,0.05653333333333334,0.0,FR
7016.666666666667,70.0,1.0,68.0,1,83.33333333333333,70.0,1.0,83.33333333333333,-10.0,0.0,120.0,0.0036000000000000003,0.027666666666666666,0.0009696969696969698,0.06833333333333334,0.0007066666666666666,16.266666666666666,1,0.05666666666666667,0.0,FR
7060.0,70.0,1.0,68.5,1,83.5,70.0,1.0,83.5,-10.0,0.0,120.0,0.00364,0.0277,0.0009727272727272728,0.0685,0.0007160000000000001,16.34,1,0.0568,0.0,FR
7103.333333333333,70.0,1.0,69.0,1,83.66666666666667,70.0,1.0,83.66666666666667,-10.0,0.0,120.0,0.00368,0.027733333333333332,0.0009757575757575758,0.06866666666666667,0.0007253333333333334,16.413333333333334,1,0.056933333333333336,0.0,FR
7146.666666666667,70.0,1.0,69.5,1,83.83333333333333,70.0,1.0,83.83333333333333,-10.0,0.0,120.0,0.00372,0.027766666666666665,0.000978787878787879,0.06883333333333334,0.0007346666666666667,16.486666666666668,1,0.057066666666666675,0.0,FR
7190.0,70.0,1.0,70.0,1,84.0,70.0,1.0,84.0,-10.0,0.0,120.0,0.0037600000000000003,0.0278,0.0009818181818181818,0.069,0.000744,16.560000000000002,1,0.05720000000000001,0.0,FR
7233.333333333333,70.0,1.0,70.5,1,84.16666666666667,70.0,1.0,84.16666666666667,-10.0,0.0,120.0,0.0038,0.02783333333333333,0.000984848484848485,0.06916666666666667,0.0007533333333333334,16.633333333333333,1,0.05733333333333334,0.0,FR
7276.666666666667,70.0,1.0,71.0,1,84.33333333333333,70.0,1.0,84.33333333333333,-10.0,0.0,120.0,0.00384,0.027866666666666665,0.000987878787878788,0.06933333333333334,0.0007626666666666667,16.706666666666667,1,0.05746666666666667,0.0,FR
7320.0,70.0,1.0,71.5,1,84.5,70.0,1.0,84.5,-10.0,0.0,120.0,0.00388,0.0279,0.000990909090909091,0.0695,0.000772,16.78,1,0.057600000000000005,0.0,FR
7363.333333333333,70.0,1.0,72.0,1,84.66666666666667,70.0,1.0,84.66666666666667,-10.0,0.0,120.0,0.00392,0.027933333333333334,0.000993939393939394,0.06966666666666667,0.0007813333333333333,16.853333333333335,1,0.05773333333333334,0.0,FR
7406.666666666667,70.0,1.0,72.5,1,84.83333333333333,70.0,1.0,84.83333333333333,-10.0,0.0,120.0,0.00396,0.027966666666666667,0.0009969696969696971,0.06983333333333334,0.0007906666666666667,16.92666666666667,1,0.05786666666666667,0.0,FR
7450.0,70.0,1.0,73.0,1,85.0,70.0,1.0,85.0,-10.0,0.0,120.0,0.004,0.028,0.001,0.07,0.0008,17.0,1,0.058,0.0,FR
7493.333333333333,70.0,1.0,73.5,1,85.16666666666667,70.0,1.0,85.16666666666667,-10.0,0.0,120.0,0.003911666666666667,0.0279,0.0010030303030303031,0.07016666666666667,0.000795,17.073333333333334,1,0.058133333333333335,0.0,FR
7536.666666666667,70.0,1.0,74.0,1,85.33333333333333,70.0,1.0,85.33333333333333,-10.0,0.0,120.0,0.0038233333333333335,0.027800000000000002,0.0010060606060606062,0.07033333333333334,0.00079,17.14666666666667,1,0.05826666666666667,0.0,FR
7580.0,70.0,1.0,74.5,1,85.5,70.0,1.0,85.5,-10.0,0.0,120.0,0.003735,0.0277,0.0010090909090909091,0.07050000000000001,0.000785,17.220000000000002,1,0.0584,0.0,FR
7623.333333333333,70.0,1.0,75.0,1,85.66666666666667,70.0,1.0,85.66666666666667,-10.0,0.0,120.0,0.003646666666666667,0.0276,0.0010121212121212122,0.07066666666666667,0.00078,17.293333333333333,1,0.05853333333333333,0.0,FR
7666.666666666667,70.0,1.0,75.5,1,85.83333333333333,70.0,1.0,85.83333333333333,-10.0,0.0,120.0,0.0035583333333333335,0.0275,0.0010151515151515154,0.07083333333333335,0.000775,17.366666666666667,1,0.058666666666666666,0.0,FR
7710.0,70.0,1.0,76.0,1,86.0,70.0,1.0,86.0,-10.0,0.0,120.0,0.00347,0.0274,0.0010181818181818183,0.07100000000000001,0.00077,17.44,1,0.0588,0.0,FR
7753.333333333333,70.0,1.0,76.5,1,86.16666666666667,70.0,1.0,86.16666666666667,-10.0,0.0,120.0,0.003381666666666667,0.0273,0.0010212121212121214,0.07116666666666667,0.0007650000000000001,17.513333333333335,1,0.05893333333333333,0.0,FR
7796.666666666667,70.0,1.0,77.0,1,86.33333333333333,70.0,1.0,86.33333333333333,-10.0,0.0,120.0,0.0032933333333333334,0.0272,0.0010242424242424243,0.07133333333333335,0.00076,17.58666666666667,1,0.05906666666666667,0.0,FR
7840.0,70.0,1.0,77.5,1,86.5,70.0,1.0,86.5,-10.0,0.0,120.0,0.0032050000000000004,0.0271,0.0010272727272727274,0.07150000000000001,0.000755,17.66,1,0.0592,0.0,FR
7883.333333333334,70.0,1.0,78.0,1,86.66666666666667,70.0,1.0,86.66666666666667,-10.0,0.0,120.0,0.003116666666666667,0.027,0.0010303030303030305,0.07166666666666667,0.00075,17.733333333333334,1,0.059333333333333335,0.0,FR
7926.666666666667,70.0,1.0,78.5,1,86.83333333333333,70.0,1.0,86.83333333333333,-10.0,0.0,120.0,0.0030283333333333334,0.0269,0.0010333333333333334,0.07183333333333335,0.000745,17.80666666666667,1,0.05946666666666667,0.0,FR
7970.0,70.0,1.0,79.0,1,87.0,70.0,1.0,87.0,-10.0,0.0,120.0,0.0029400000000000003,0.0268,0.0010363636363636365,0.07200000000000001,0.00074,17.880000000000003,1,0.0596,0.0,FR
8013.333333333334,70.0,1.0,79.5,1,87.16666666666667,70.0,1.0,87.16666666666667,-10.0,0.0,120.0,0.0028516666666666673,0.026699999999999998,0.0010393939393939396,0.07216666666666667,0.000735,17.953333333333333,1,0.05973333333333333,0.0,FR
8056.666666666667,70.0,1.0,80.0,1,87.33333333333333,70.0,1.0,87.33333333333333,-10.0,0.0,120.0,0.002763333333333334,0.0266,0.0010424242424242425,0.07233333333333335,0.00073,18.026666666666667,1,0.059866666666666665,0.0,FR
8100.0,70.0,1.0,80.5,1,87.5,70.0,1.0,87.5,-10.0,0.0,120.0,0.0026750000000000003,0.0265,0.0010454545454545456,0.07250000000000001,0.000725,18.1,1,0.06,0.0,FF
8186.206896551724,70.0,1.0,81.0,1,88.37931034482759,70.0,1.0,88.37931034482759,-10.0,0.0,120.0,0.0026293103448275863,0.026137931034482757,0.0010590909090909093,0.07267241379310346,0.0007224137931034482,18.175862068965518,1,0.060137931034482756,0.0,FF
8272.413793103447,70.0,1.0,81.5,1,89.25862068965517,70.0,1.0,89.25862068965517,-10.0,0.0,120.0,0.002583620689655173,0.025775862068965517,0.001072727272727273,0.0728448275862069,0.0007198275862068965,18.251724137931035,1,0.06027586206896551,0.0,FF
8358.620689655172,70.0,1.0,82.0,1,90.13793103448276,70.0,1.0,90.13793103448276,-10.0,0.0,120.0,0.002537931034482759,0.025413793103448275,0.0010863636363636364,0.07301724137931036,0.0007172413793103448,18.32758620689655,1,0.06041379310344827,0.0,FF
8444.827586206897,70.0,1.0,82.5,1,91.01724137931035,70.0,1.0,91.01724137931035,-10.0,0.0,120.0,0.002492241379310345,0.025051724137931032,0.0011,0.0731896551724138,0.000714655172413793,18.40344827586207,1,0.060551724137931036,0.0,FF
8531.034482758621,70.0,1.0,83.0,1,91.89655172413794,70.0,1.0,91.89655172413794,-10.0,0.0,120.0,0.0024465517241379314,0.024689655172413793,0.0011136363636363637,0.07336206896551725,0.0007120689655172413,18.47931034482759,1,0.060689655172413794,0.0,FF
8617.241379310344,70.0,1.0,83.5,1,92.77586206896552,70.0,1.0,92.77586206896552,-10.0,0.0,120.0,0.0024008620689655175,0.02432758620689655,0.0011272727272727274,0.07353448275862069,0.0007094827586206896,18.555172413793105,1,0.06082758620689655,0.0,FF
8703.448275862069,70.0,1.0,84.0,1,93.65517241379311,70.0,1.0,93.65517241379311,-10.0,0.0,120.0,0.0023551724137931035,0.02396551724137931,0.001140909090909091,0.07370689655172415,0.0007068965517241379,18.631034482758622,1,0.06096551724137931,0.0,FF
8789.655172413793,70.0,1.0,84.5,1,94.53448275862068,70.0,1.0,94.53448275862068,-10.0,0.0,120.0,0.00230948275862069,0.02360344827586207,0.0011545454545454545,0.07387931034482759,0.0007043103448275862,18.70689655172414,1,0.06110344827586207,0.0,FF
8875.862068965518,70.0,1.0,85.0,1,95.41379310344827,70.0,1.0,95.41379310344827,-10.0,0.0,120.0,0.002263793103448276,0.023241379310344826,0.0011681818181818182,0.07405172413793104,0.0007017241379310345,18.782758620689656,1,0.061241379310344825,0.0,FF
8962.068965517241,70.0,1.0,85.5,1,96.29310344827586,70.0,1.0,96.29310344827586,-10.0,0.0,120.0,0.0022181034482758625,0.022879310344827587,0.0011818181818181819,0.07422413793103448,0.0006991379310344828,18.858620689655172,1,0.06137931034482758,0.0,FF
9048.275862068966,70.0,1.0,86.0,1,97.17241379310344,70.0,1.0,97.17241379310344,-10.0,0.0,120.0,0.0021724137931034486,0.022517241379310344,0.0011954545454545456,0.07439655172413794,0.0006965517241379309,18.93448275862069,1,0.06151724137931035,0.0,FF
9134.48275862069,70.0,1.0,86.5,1,98.05172413793103,70.0,1.0,98.05172413793103,-10.0,0.0,120.0,0.0021267241379310346,0.022155172413793105,0.0012090909090909092,0.07456896551724138,0.0006939655172413792,19.010344827586206,1,0.061655172413793105,0.0,FF
9220.689655172413,70.0,1.0,87.0,1,98.93103448275862,70.0,1.0,98.93103448275862,-10.0,0.0,120.0,0.002081034482758621,0.021793103448275862,0.0012227272727272727,0.07474137931034483,0.0006913793103448275,19.086206896551722,1,0.06179310344827586,0.0,FF
9306.896551724138,70.0,1.0,87.5,1,99.8103448275862,70.0,1.0,99.8103448275862,-10.0,0.0,120.0,0.002035344827586207,0.02143103448275862,0.0012363636363636364,0.07491379310344827,0.0006887931034482758,19.16206896551724,1,0.06193103448275862,0.0,FF
9393.103448275862,70.0,1.0,88.0,1,100.6896551724138,70.0,1.0,100.6896551724138,-10.0,0.0,120.0,0.001989655172413793,0.021068965517241377,0.00125,0.07508620689655172,0.0006862068965517241,19.237931034482756,1,0.06206896551724138,0.0,FF
9479.310344827587,70.0,1.0,88.14285714285714,1,101.56896551724138,70.0,1.0,101.56896551724138,-10.0,0.0,120.0,0.0019439655172413795,0.020706896551724138,0.0012627551020408163,0.07525862068965516,0.0006836206896551724,19.313793103448276,1,0.062206896551724136,0.0,FF
9565.51724137931,70.0,1.0,88.28571428571429,1,102.44827586206897,70.0,1.0,102.44827586206897,-10.0,0.0,120.0,0.0018982758620689657,0.0203448275862069,0.0012755102040816328,0.07543103448275862,0.0006810344827586207,19.389655172413793,1,0.062344827586206894,0.0,FF
9651.724137931034,70.0,1.0,88.42857142857143,1,103.32758620689656,70.0,1.0,103.32758620689656,-10.0,0.0,120.0,0.0018525862068965518,0.019982758620689656,0.001288265306122449,0.07560344827586206,0.000678448275862069,19.46551724137931,1,0.06248275862068965,0.0,FF
9737.931034482759,70.0,1.0,88.57142857142857,1,104.20689655172414,70.0,1.0,104.20689655172414,-10.0,0.0,120.0,0.001806896551724138,0.019620689655172413,0.0013010204081632653,0.07577586206896551,0.0006758620689655172,19.541379310344826,1,0.06262068965517241,0.0,FF
9824.137931034482,70.0,1.0,88.71428571428571,1,105.08620689655172,70.0,1.0,105.08620689655172,-10.0,0.0,120.0,0.0017612068965517243,0.01925862068965517,0.0013137755102040816,0.07594827586206895,0.0006732758620689655,19.617241379310343,1,0.06275862068965517,0.0,FF
9910.344827586207,70.0,1.0,88.85714285714286,1,105.9655172413793,70.0,1.0,105.9655172413793,-10.0,0.0,120.0,0.0017155172413793104,0.01889655172413793,0.001326530612244898,0.07612068965517241,0.0006706896551724137,19.69310344827586,1,0.06289655172413793,0.0,FF
9996.551724137931,70.0,1.0,89.0,1,106.84482758620689,70.0,1.0,106.84482758620689,-10.0,0.0,120.0,0.0016698275862068966,0.01853448275862069,0.0013392857142857143,0.07629310344827585,0.000668103448275862,19.768965517241377,1,0.0630344827586207,0.0,FF
10082.758620689656,70.0,1.0,89.14285714285714,1,107.72413793103448,70.0,1.0,107.72413793103448,-10.0,0.0,120.0,0.001624137931034483,0.01817241379310345,0.0013520408163265306,0.0764655172413793,0.0006655172413793103,19.844827586206893,1,0.06317241379310345,0.0,FF
10168.96551724138,70.0,1.0,89.28571428571429,1,108.60344827586206,70.0,1.0,108.60344827586206,-10.0,0.0,120.0,0.001578448275862069,0.017810344827586207,0.001364795918367347,0.07663793103448274,0.0006629310344827586,19.92068965517241,1,0.06331034482758621,0.0,FF
10255.172413793103,70.0,1.0,89.42857142857143,1,109.48275862068965,70.0,1.0,109.48275862068965,-10.0,0.0,120.0,0.0015327586206896552,0.017448275862068964,0.0013775510204081633,0.0768103448275862,0.0006603448275862069,19.99655172413793,1,0.06344827586206897,0.0,FF
10341.379310344828,70.0,1.0,89.57142857142857,1,110.36206896551724,70.0,1.0,110.36206896551724,-10.0,0.0,120.0,0.0014870689655172415,0.017086206896551725,0.0013903061224489796,0.07698275862068964,0.0006577586206896551,20.072413793103447,1,0.06358620689655173,0.0,FF
10427.58620689655,70.0,1.0,89.71428571428571,1,111.24137931034483,70.0,1.0,111.24137931034483,-10.0,0.0,120.0,0.0014413793103448278,0.016724137931034482,0.0014030612244897958,0.07715517241379309,0.0006551724137931034,20.148275862068964,1,0.06372413793103449,0.0,FF
10513.793103448275,70.0,1.0,89.85714285714286,1,112.12068965517241,70.0,1.0,112.12068965517241,-10.0,0.0,120.0,0.0013956896551724138,0.016362068965517243,0.0014158163265306123,0.07732758620689653,0.0006525862068965517,20.22413793103448,1,0.06386206896551724,0.0,FF
10600.0,70.0,1.0,90.0,1,113.0,70.0,1.0,113.0,-10.0,0.0,120.0,0.00135,0.016,0.0014285714285714286,0.07749999999999999,0.00065,20.299999999999997,1,0.064,0.0,FF
